Article ID,Article Title,Date (Article Created Date),URL
360008923653_en-us,Error message: updating cache,09/04/2018,https://help.yapicentral.com/hc/en-us/articles/360008923653
360008767454_en-us,Old Form Errors,09/04/2018,https://help.yapicentral.com/hc/en-us/articles/360008767454
360008854173_en-us,How To Use Online Forms,09/01/2018,https://help.yapicentral.com/hc/en-us/articles/360008854173
360008686714_en-us,Troubleshooting the Camera in the iPad App,08/31/2018,https://help.yapicentral.com/hc/en-us/articles/360008686714
360008467434_en-us,New Patient Welcome Email Templates,08/27/2018,https://help.yapicentral.com/hc/en-us/articles/360008467434
360008613893_en-us,Sending and Utilizing PDF Documents Across YAPI,08/27/2018,https://help.yapicentral.com/hc/en-us/articles/360008613893
360008612133_en-us,What does the error E041 mean?,08/27/2018,https://help.yapicentral.com/hc/en-us/articles/360008612133
360008613453_en-us,YAPI Is Not Working After Upgrading My Practice Management System,08/27/2018,https://help.yapicentral.com/hc/en-us/articles/360008613453
360008416993_en-us,After Root Canal Treatment,08/22/2018,https://help.yapicentral.com/hc/en-us/articles/360008416993
360008274794_en-us,After your Periodontal Scaling and Root Planing Procedure,08/22/2018,https://help.yapicentral.com/hc/en-us/articles/360008274794
360008274394_en-us,After your Restorative Dental Treatment,08/22/2018,https://help.yapicentral.com/hc/en-us/articles/360008274394
360008414573_en-us,Care of your Orthodontic Appliances,08/22/2018,https://help.yapicentral.com/hc/en-us/articles/360008414573
360008268094_en-us,Denture Wearer's Checklist,08/22/2018,https://help.yapicentral.com/hc/en-us/articles/360008268094
360008276814_en-us,How do I Import PDF Documents to YAPI?,08/22/2018,https://help.yapicentral.com/hc/en-us/articles/360008276814
360008269474_en-us,Invisalign Home Instructions,08/22/2018,https://help.yapicentral.com/hc/en-us/articles/360008269474
360008272194_en-us,Night Guard Care and Maintenance,08/22/2018,https://help.yapicentral.com/hc/en-us/articles/360008272194
360008268894_en-us,Post Operative Instructions for Dentures,08/22/2018,https://help.yapicentral.com/hc/en-us/articles/360008268894
360008417233_en-us,Post Operative Instructions for Temporary Restorations,08/22/2018,https://help.yapicentral.com/hc/en-us/articles/360008417233
360008269414_en-us,What to do After you Dental Implant Surgery,08/22/2018,https://help.yapicentral.com/hc/en-us/articles/360008269414
360008414853_en-us,What to do After your Periodontal Surgery,08/22/2018,https://help.yapicentral.com/hc/en-us/articles/360008414853
360008269114_en-us,What to do After your Tooth Extraction,08/22/2018,https://help.yapicentral.com/hc/en-us/articles/360008269114
360008267854_en-us,What to Expect After your Child's Dental Treatment,08/22/2018,https://help.yapicentral.com/hc/en-us/articles/360008267854
360008362833_en-us,Cavity-Free Dental Check Up,08/21/2018,https://help.yapicentral.com/hc/en-us/articles/360008362833
360008237814_en-us,How to Import PDF Documents Intended for Emailing,08/21/2018,https://help.yapicentral.com/hc/en-us/articles/360008237814
360008361773_en-us,What to do After your Bone Graft/Augmentation Surgery,08/21/2018,https://help.yapicentral.com/hc/en-us/articles/360008361773
360007953694_en-us,Creating an Email Template,08/13/2018,https://help.yapicentral.com/hc/en-us/articles/360007953694
360008066833_en-us,Error Message: E041,08/13/2018,https://help.yapicentral.com/hc/en-us/articles/360008066833
360007897054_en-us,Enhanced Email Templates,08/10/2018,https://help.yapicentral.com/hc/en-us/articles/360007897054
360007885154_en-us,How Often Should My Child Have Dental X-Rays?,08/10/2018,https://help.yapicentral.com/hc/en-us/articles/360007885154
360007991433_en-us,Laser Cavity Detection,08/10/2018,https://help.yapicentral.com/hc/en-us/articles/360007991433
360007993273_en-us,Let's Talk About ... Sippy Cups,08/10/2018,https://help.yapicentral.com/hc/en-us/articles/360007993273
360007887354_en-us,Q&A - Fluoride and My Child,08/10/2018,https://help.yapicentral.com/hc/en-us/articles/360007887354
360007990993_en-us,The Do's and Dont's of a Baby Bottle,08/10/2018,https://help.yapicentral.com/hc/en-us/articles/360007990993
360007886514_en-us,The Truth About Sports Drinks and Your Teeth,08/10/2018,https://help.yapicentral.com/hc/en-us/articles/360007886514
360007888754_en-us,Thumb Sucking - Get Rid Of The Bad Habit Before It's Too Late!,08/10/2018,https://help.yapicentral.com/hc/en-us/articles/360007888754
360007994153_en-us,When Should I take Away My Child's Pacifier?,08/10/2018,https://help.yapicentral.com/hc/en-us/articles/360007994153
360007847754_en-us,"Baby Teeth, Cavities and Stainless-Steel Crowns to the Rescue",08/09/2018,https://help.yapicentral.com/hc/en-us/articles/360007847754
360007847894_en-us,Dental Sealants Are Insurance Against Cavities,08/09/2018,https://help.yapicentral.com/hc/en-us/articles/360007847894
360007944973_en-us,Do Cavities in Baby Teeth Really Need to be Filled?,08/09/2018,https://help.yapicentral.com/hc/en-us/articles/360007944973
360007780874_en-us,"Informed Consent to Release Patient Testimonial, Photos, Video, Audio and Name",08/08/2018,https://help.yapicentral.com/hc/en-us/articles/360007780874
360007755194_en-us,Curious about YAPI pricing?,08/07/2018,https://help.yapicentral.com/hc/en-us/articles/360007755194
360007756974_en-us,How to: Schedule a Demo of YAPI,08/07/2018,https://help.yapicentral.com/hc/en-us/articles/360007756974
360007744814_en-us,Informed Consent for Veneers,08/07/2018,https://help.yapicentral.com/hc/en-us/articles/360007744814
360007814353_en-us,2-4-6-8 Who Do We Appreciate?,08/06/2018,https://help.yapicentral.com/hc/en-us/articles/360007814353
360007719114_en-us,Do I Need To Replace Missing Teeth?,08/06/2018,https://help.yapicentral.com/hc/en-us/articles/360007719114
360007719154_en-us,How Can We Help Your Dental Treatments Fit Your Budget?,08/06/2018,https://help.yapicentral.com/hc/en-us/articles/360007719154
360007813913_en-us,How Does My Oral Health Change During Pregnancy?,08/06/2018,https://help.yapicentral.com/hc/en-us/articles/360007813913
360007719354_en-us,How Quickly Does My Child's Cavity Need to Be Filled?,08/06/2018,https://help.yapicentral.com/hc/en-us/articles/360007719354
360007719394_en-us,No Dental Insurance? No Problem!,08/06/2018,https://help.yapicentral.com/hc/en-us/articles/360007719394
360007814073_en-us,Why Choose Us?,08/06/2018,https://help.yapicentral.com/hc/en-us/articles/360007814073
360007686854_en-us,Botox In Dentistry,08/04/2018,https://help.yapicentral.com/hc/en-us/articles/360007686854
360007686874_en-us,Choosing a Dentist: Private Practice vs. Corporate Dental Clinic,08/04/2018,https://help.yapicentral.com/hc/en-us/articles/360007686874
360007780613_en-us,Dental Radiation – How Much Am I Receiving When Having Digital X-Rays?,08/04/2018,https://help.yapicentral.com/hc/en-us/articles/360007780613
360007592394_en-us,Acid Reflux and Your Dental Health,08/02/2018,https://help.yapicentral.com/hc/en-us/articles/360007592394
360007592554_en-us,Back to School? It’s the Most Wonderful Time of the Year…for a checkup!,08/02/2018,https://help.yapicentral.com/hc/en-us/articles/360007592554
360007687773_en-us,Cleaning Your Tongue,08/02/2018,https://help.yapicentral.com/hc/en-us/articles/360007687773
360007590814_en-us,Dental Health Challenges for Women,08/02/2018,https://help.yapicentral.com/hc/en-us/articles/360007590814
360007688093_en-us,Dental Health Tips for Seniors,08/02/2018,https://help.yapicentral.com/hc/en-us/articles/360007688093
360007592454_en-us,Five Things to Know About Athletic Mouth Guards,08/02/2018,https://help.yapicentral.com/hc/en-us/articles/360007592454
360007592834_en-us,Fresh Breath for Valentine’s Day,08/02/2018,https://help.yapicentral.com/hc/en-us/articles/360007592834
360007689833_en-us,Getting Your Child Ready for The First Dental Visit,08/02/2018,https://help.yapicentral.com/hc/en-us/articles/360007689833
360007691933_en-us,Healthy Halloween Smiles,08/02/2018,https://help.yapicentral.com/hc/en-us/articles/360007691933
360007689973_en-us,Packing a Smile Friendly School Lunch,08/02/2018,https://help.yapicentral.com/hc/en-us/articles/360007689973
360007591154_en-us,Pregnancy and Your Dental Health,08/02/2018,https://help.yapicentral.com/hc/en-us/articles/360007591154
360007592734_en-us,The Long-Term Effects of Thumb Sucking,08/02/2018,https://help.yapicentral.com/hc/en-us/articles/360007592734
360007689613_en-us,Three Reasons Why a Filling May Need to be Replaced,08/02/2018,https://help.yapicentral.com/hc/en-us/articles/360007689613
360007591294_en-us,Vitamins and Minerals for a Healthy Smile,08/02/2018,https://help.yapicentral.com/hc/en-us/articles/360007591294
360007689393_en-us,Which Tooth Whitening System Is Best For Me?,08/02/2018,https://help.yapicentral.com/hc/en-us/articles/360007689393
360007688433_en-us,Xyliwhat?,08/02/2018,https://help.yapicentral.com/hc/en-us/articles/360007688433
360007566694_en-us,5 Reasons People Avoid the Dentist,08/01/2018,https://help.yapicentral.com/hc/en-us/articles/360007566694
360007666053_en-us,Alternatives to Traditional Flossing,08/01/2018,https://help.yapicentral.com/hc/en-us/articles/360007666053
360007567634_en-us,Are Bad Teeth Genetic?,08/01/2018,https://help.yapicentral.com/hc/en-us/articles/360007567634
360007668493_en-us,Dentrix G7 Plugin Installation,08/01/2018,https://help.yapicentral.com/hc/en-us/articles/360007668493
360001792168_en-us,Recommended Virtual Machine Workstation Network Settings,07/27/2018,https://help.yapicentral.com/hc/en-us/articles/360001792168
360001810947_en-us,YAPI Network Requirements,07/27/2018,https://help.yapicentral.com/hc/en-us/articles/360001810947
360001787008_en-us,The Red Bar - Advanced Troubleshooting (TLS 1.2 and Other Security Protocols Block Communication to yapi.me),07/26/2018,https://help.yapicentral.com/hc/en-us/articles/360001787008
360001759948_en-us,Printing Postcards From the Mail Queue,07/24/2018,https://help.yapicentral.com/hc/en-us/articles/360001759948
360001704608_en-us,*INTERNAL USE ONLY* Creating POP Accounts for Internal YAPI use,07/13/2018,https://help.yapicentral.com/hc/en-us/articles/360001704608
360001722227_en-us,Using a Ready-to-Send Newsletter with Mail Blast,07/13/2018,https://help.yapicentral.com/hc/en-us/articles/360001722227
360001724767_en-us,YAPI Connection Issues After Windows Update,07/13/2018,https://help.yapicentral.com/hc/en-us/articles/360001724767
360001715267_en-us,How to Download and Import Ready-to-Send Newsletters,07/12/2018,https://help.yapicentral.com/hc/en-us/articles/360001715267
360001696647_en-us,Bring Your Own Number ™,07/10/2018,https://help.yapicentral.com/hc/en-us/articles/360001696647
360001668288_en-us,Informed Consent for Dentures,07/09/2018,https://help.yapicentral.com/hc/en-us/articles/360001668288
360001676407_en-us,Acid Reflux and Your Teeth,07/06/2018,https://help.yapicentral.com/hc/en-us/articles/360001676407
360001676207_en-us,Am I a Good Invisalign Candidate?,07/06/2018,https://help.yapicentral.com/hc/en-us/articles/360001676207
360001677227_en-us,Are Lasers the Dental Drill of the Future?,07/06/2018,https://help.yapicentral.com/hc/en-us/articles/360001677227
360001676287_en-us,A Toothache or A Sinus Pain? How to Tell,07/06/2018,https://help.yapicentral.com/hc/en-us/articles/360001676287
360001659908_en-us,A Whiter Smile Can Transform Your Life,07/06/2018,https://help.yapicentral.com/hc/en-us/articles/360001659908
360001678607_en-us,Back To School Is Quickly Approaching,07/06/2018,https://help.yapicentral.com/hc/en-us/articles/360001678607
360001678207_en-us,Be Wary Of Charcoal Tooth Whitening,07/06/2018,https://help.yapicentral.com/hc/en-us/articles/360001678207
360001675967_en-us,Dental Implants - (Almost) As Good As a Real Tooth,07/06/2018,https://help.yapicentral.com/hc/en-us/articles/360001675967
360001660048_en-us,Dental Veneers Not Just For Hollywood Smiles,07/06/2018,https://help.yapicentral.com/hc/en-us/articles/360001660048
360001658688_en-us,Digital Impressions - The Modern Way To Create Tooth Models,07/06/2018,https://help.yapicentral.com/hc/en-us/articles/360001658688
360001676447_en-us,Do I Grind My Teeth?,07/06/2018,https://help.yapicentral.com/hc/en-us/articles/360001676447
360001676487_en-us,Do You Grind Your Teeth? Here are the Four Ways to Tell if You Have Bruxism,07/06/2018,https://help.yapicentral.com/hc/en-us/articles/360001676487
360001657948_en-us,Five Advantages of Invisalign Braces You Didn’t Think About,07/06/2018,https://help.yapicentral.com/hc/en-us/articles/360001657948
360001658048_en-us,Five Common Dental Emergencies and How to Handle Them,07/06/2018,https://help.yapicentral.com/hc/en-us/articles/360001658048
360001658148_en-us,How Acid Reflux Can Damage Your Teeth,07/06/2018,https://help.yapicentral.com/hc/en-us/articles/360001658148
360001657568_en-us,How Dental Implants are Better Than Other Tooth Replacement Options,07/06/2018,https://help.yapicentral.com/hc/en-us/articles/360001657568
360001676507_en-us,How Do I Know If I Grind My Teeth?,07/06/2018,https://help.yapicentral.com/hc/en-us/articles/360001676507
360001677307_en-us,"How Lasers Can be Used to Treat Gum Disease (and other problems, too!)",07/06/2018,https://help.yapicentral.com/hc/en-us/articles/360001677307
360001676907_en-us,How to Ensure Your Dentures Stand the Test of Time,07/06/2018,https://help.yapicentral.com/hc/en-us/articles/360001676907
360001676247_en-us,How to Get Straighter Teeth Without Braces,07/06/2018,https://help.yapicentral.com/hc/en-us/articles/360001676247
360001676547_en-us,How Your Dentist Can Help Treat Sleep Apnea,07/06/2018,https://help.yapicentral.com/hc/en-us/articles/360001676547
360001660108_en-us,Is Teeth Whitening Safe?,07/06/2018,https://help.yapicentral.com/hc/en-us/articles/360001660108
360001658068_en-us,Is That Pain My Sinuses or My Teeth?,07/06/2018,https://help.yapicentral.com/hc/en-us/articles/360001658068
360001658228_en-us,Is There a Link Between TMJ and Migraines?,07/06/2018,https://help.yapicentral.com/hc/en-us/articles/360001658228
360001677367_en-us,Lasers Can Now Identify Cavities Before They Become a Problem,07/06/2018,https://help.yapicentral.com/hc/en-us/articles/360001677367
360001678667_en-us,New Year’s Resolutions for Your Teeth?! YES!!!,07/06/2018,https://help.yapicentral.com/hc/en-us/articles/360001678667
360001657608_en-us,Options for Replacing Missing Teeth,07/06/2018,https://help.yapicentral.com/hc/en-us/articles/360001657608
360001678467_en-us,Restoring Your Smile with Veneers,07/06/2018,https://help.yapicentral.com/hc/en-us/articles/360001678467
360001675667_en-us,Teaching Your Child to Brush,07/06/2018,https://help.yapicentral.com/hc/en-us/articles/360001675667
360001659028_en-us,Tired of Waiting Weeks for a Permanent Crown? Wait no More!,07/06/2018,https://help.yapicentral.com/hc/en-us/articles/360001659028
360001658108_en-us,Tooth Knocked Out? Don’t Panic!,07/06/2018,https://help.yapicentral.com/hc/en-us/articles/360001658108
360001660248_en-us,Tooth Whitening Safe or Not?,07/06/2018,https://help.yapicentral.com/hc/en-us/articles/360001660248
360001658408_en-us,What is an Implant-Supported Denture?,07/06/2018,https://help.yapicentral.com/hc/en-us/articles/360001658408
360001657188_en-us,When and How to Start Brushing Your Child’s Teeth,07/06/2018,https://help.yapicentral.com/hc/en-us/articles/360001657188
360001657228_en-us,When Should I Start Brushing My Child’s Teeth?,07/06/2018,https://help.yapicentral.com/hc/en-us/articles/360001657228
360001657288_en-us,Why Does my Child get Canker Sores?,07/06/2018,https://help.yapicentral.com/hc/en-us/articles/360001657288
360001657308_en-us,Why Treat Baby Teeth? They’re Going to Fall Out Anyway…,07/06/2018,https://help.yapicentral.com/hc/en-us/articles/360001657308
360001657688_en-us,Wisdom Teeth,07/06/2018,https://help.yapicentral.com/hc/en-us/articles/360001657688
360001657828_en-us,Wisdom Teeth - Do They Really Need to Come Out?,07/06/2018,https://help.yapicentral.com/hc/en-us/articles/360001657828
360001678587_en-us,Working on Your Bikini Body? Don’t Forget Your Teeth,07/06/2018,https://help.yapicentral.com/hc/en-us/articles/360001678587
360001651248_en-us,Are Baby Teeth Important?,07/05/2018,https://help.yapicentral.com/hc/en-us/articles/360001651248
360001648348_en-us,Common Treatments to Replace Missing Teeth,07/05/2018,https://help.yapicentral.com/hc/en-us/articles/360001648348
360001651268_en-us,Dental Health for Babies,07/05/2018,https://help.yapicentral.com/hc/en-us/articles/360001651268
360001648868_en-us,Do I Really Need a Crown?,07/05/2018,https://help.yapicentral.com/hc/en-us/articles/360001648868
360001649128_en-us,Fractured Tooth? What can you do now?,07/05/2018,https://help.yapicentral.com/hc/en-us/articles/360001649128
360001651308_en-us,How to Ease Your Child’s Fear of the Dentist,07/05/2018,https://help.yapicentral.com/hc/en-us/articles/360001651308
360001647928_en-us,Overcome Dental Anxiety with Conscious Sedation,07/05/2018,https://help.yapicentral.com/hc/en-us/articles/360001647928
360001647968_en-us,Proper Brushing Techniques,07/05/2018,https://help.yapicentral.com/hc/en-us/articles/360001647968
360001667367_en-us,Sip and Snack All Day = Increased Chance of Tooth Decay,07/05/2018,https://help.yapicentral.com/hc/en-us/articles/360001667367
360001648128_en-us,Smoking and Your Teeth and Mouth,07/05/2018,https://help.yapicentral.com/hc/en-us/articles/360001648128
360001648148_en-us,What Diseases Can Your Dentist Find? You May Be Surprised,07/05/2018,https://help.yapicentral.com/hc/en-us/articles/360001648148
360001648188_en-us,What Fluoride Varnish is and How You Can Benefit,07/05/2018,https://help.yapicentral.com/hc/en-us/articles/360001648188
360001648208_en-us,What Mouth Rinse is Right for Me?,07/05/2018,https://help.yapicentral.com/hc/en-us/articles/360001648208
360001648308_en-us,Which Sweets Are the Worst for Your Teeth?,07/05/2018,https://help.yapicentral.com/hc/en-us/articles/360001648308
360001649148_en-us,Why Do I Need a Filling If My Tooth Doesn’t Hurt?,07/05/2018,https://help.yapicentral.com/hc/en-us/articles/360001649148
360001668407_en-us,Worried About What Your Crown Will Look Like? Never Fear!,07/05/2018,https://help.yapicentral.com/hc/en-us/articles/360001668407
360001656687_en-us,3 Benefits of Digital X-Rays,07/03/2018,https://help.yapicentral.com/hc/en-us/articles/360001656687
360001656887_en-us,3 Reasons Your Teeth Might Be Sensitive (And What Can Be Done About It),07/03/2018,https://help.yapicentral.com/hc/en-us/articles/360001656887
360001638508_en-us,5 Oral Health Myths Busted,07/03/2018,https://help.yapicentral.com/hc/en-us/articles/360001638508
360001656947_en-us,Aging and Dental Care,07/03/2018,https://help.yapicentral.com/hc/en-us/articles/360001656947
360001638608_en-us,Are All Toothpastes Created Equal?,07/03/2018,https://help.yapicentral.com/hc/en-us/articles/360001638608
360001638648_en-us,Bottled Water or Tap Water? Which Is Better for Me?,07/03/2018,https://help.yapicentral.com/hc/en-us/articles/360001638648
360001656987_en-us,Choosing the Right Toothpaste for Your Smile,07/03/2018,https://help.yapicentral.com/hc/en-us/articles/360001656987
360001657007_en-us,Dental Sealants,07/03/2018,https://help.yapicentral.com/hc/en-us/articles/360001657007
360001657027_en-us,Do I Have Gum Disease?,07/03/2018,https://help.yapicentral.com/hc/en-us/articles/360001657027
360001657047_en-us,Dry Mouth: What Causes It and What You Can Do About It,07/03/2018,https://help.yapicentral.com/hc/en-us/articles/360001657047
360001657067_en-us,Dry Mouth: Why its Such a Big Deal,07/03/2018,https://help.yapicentral.com/hc/en-us/articles/360001657067
360001638728_en-us,Halitosis: A Stinky Subject,07/03/2018,https://help.yapicentral.com/hc/en-us/articles/360001638728
360001657127_en-us,Healthy Snacks for Your Teeth,07/03/2018,https://help.yapicentral.com/hc/en-us/articles/360001657127
360001638768_en-us,How Prescription Medications Can Affect Your Dental Health,07/03/2018,https://help.yapicentral.com/hc/en-us/articles/360001638768
360001657207_en-us,Ice Ice Baby,07/03/2018,https://help.yapicentral.com/hc/en-us/articles/360001657207
360001655427_en-us,Informed Consent for Fillings,07/03/2018,https://help.yapicentral.com/hc/en-us/articles/360001655427
360001637768_en-us,Informed Consent for Inlays and Onlays,07/03/2018,https://help.yapicentral.com/hc/en-us/articles/360001637768
360001638908_en-us,Is Baking Soda Safe for My Teeth?,07/03/2018,https://help.yapicentral.com/hc/en-us/articles/360001638908
360001657267_en-us,Is Fluoride Really Safe for Me?,07/03/2018,https://help.yapicentral.com/hc/en-us/articles/360001657267
360001639008_en-us,Is This The Time for a Check Up?,07/03/2018,https://help.yapicentral.com/hc/en-us/articles/360001639008
360001639068_en-us,Know How to Prevent Cavities? Follow These 5 Tips,07/03/2018,https://help.yapicentral.com/hc/en-us/articles/360001639068
360001657427_en-us,My Medications and My Dental Health,07/03/2018,https://help.yapicentral.com/hc/en-us/articles/360001657427
360001632528_en-us,Test Newsletter,07/02/2018,https://help.yapicentral.com/hc/en-us/articles/360001632528
360001632668_en-us,"The Transition File (see this article if YAPI is stuck ""Updating Cache"")",07/02/2018,https://help.yapicentral.com/hc/en-us/articles/360001632668
360001633287_en-us,How to Create a Postcard Template,06/28/2018,https://help.yapicentral.com/hc/en-us/articles/360001633287
360001633787_en-us,How to Generate Postcards from YAPI,06/28/2018,https://help.yapicentral.com/hc/en-us/articles/360001633787
360001616408_en-us,Postcard Types,06/28/2018,https://help.yapicentral.com/hc/en-us/articles/360001616408
360001596808_en-us,Birthday Card,06/26/2018,https://help.yapicentral.com/hc/en-us/articles/360001596808
360001615007_en-us,End of Year Dental Benefits,06/26/2018,https://help.yapicentral.com/hc/en-us/articles/360001615007
360001596868_en-us,How do I Import Postcards to YAPI?,06/26/2018,https://help.yapicentral.com/hc/en-us/articles/360001596868
360001614587_en-us,Recall Due: Back to School,06/26/2018,https://help.yapicentral.com/hc/en-us/articles/360001614587
360001596908_en-us,Recall Due: Fall (Adults),06/26/2018,https://help.yapicentral.com/hc/en-us/articles/360001596908
360001614967_en-us,Recall Due: New Year's Resolutions,06/26/2018,https://help.yapicentral.com/hc/en-us/articles/360001614967
360001614727_en-us,Recall Due: School Under Way,06/26/2018,https://help.yapicentral.com/hc/en-us/articles/360001614727
360001596988_en-us,Recall Due: Summer (Adults),06/26/2018,https://help.yapicentral.com/hc/en-us/articles/360001596988
360001597168_en-us,Recall Due: Summer (Kids),06/26/2018,https://help.yapicentral.com/hc/en-us/articles/360001597168
360001597228_en-us,Recall Due: Winter Holidays (Adults),06/26/2018,https://help.yapicentral.com/hc/en-us/articles/360001597228
360001619507_en-us,Using YAPI's Care Call List,06/26/2018,https://help.yapicentral.com/hc/en-us/articles/360001619507
360001525727_en-us,"Server Lacks Resources (Crashing, Documents Missing, Corrupted Configuration Files)",06/13/2018,https://help.yapicentral.com/hc/en-us/articles/360001525727
360001446668_en-us,How to Move the Keyboard on your iPad,06/01/2018,https://help.yapicentral.com/hc/en-us/articles/360001446668
360001430587_en-us,Attn:Serious Error Occurred [COM class error: 80070008],05/30/2018,https://help.yapicentral.com/hc/en-us/articles/360001430587
360001419428_en-us,How to Send Appointment Reminders Manually,05/29/2018,https://help.yapicentral.com/hc/en-us/articles/360001419428
360001396567_en-us,Enabling and Using The Phone Assistant,05/24/2018,https://help.yapicentral.com/hc/en-us/articles/360001396567
360001316028_en-us,Managing and Repairing your Open Dental Lists,05/16/2018,https://help.yapicentral.com/hc/en-us/articles/360001316028
360001311927_en-us,Merging Two Documents,05/16/2018,https://help.yapicentral.com/hc/en-us/articles/360001311927
360001303887_en-us,Dentrix G7 Plugin Installation,05/15/2018,https://help.yapicentral.com/hc/en-us/articles/360001303887
360001304087_en-us,Version 1.4.327 - Known Issues,05/15/2018,https://help.yapicentral.com/hc/en-us/articles/360001304087
360001307988_en-us,"What's the Difference between the Huddle, Daily Activity, and KPI Reports?",05/15/2018,https://help.yapicentral.com/hc/en-us/articles/360001307988
360001277988_en-us,Domain Setups: UAC Prevents Running YAPI as a Regular User,05/11/2018,https://help.yapicentral.com/hc/en-us/articles/360001277988
360001267507_en-us,Red Bar Across the Top of the Dashboard,05/10/2018,https://help.yapicentral.com/hc/en-us/articles/360001267507
360001252428_en-us,Filing Online Forms,05/08/2018,https://help.yapicentral.com/hc/en-us/articles/360001252428
360001248787_en-us,Red Bar Across the Bottom of the Dashboard,05/08/2018,https://help.yapicentral.com/hc/en-us/articles/360001248787
360001227468_en-us,Informed Consent for Nonsurgical Periodontal Treatment,05/04/2018,https://help.yapicentral.com/hc/en-us/articles/360001227468
360001211967_en-us,Organizing the Dashboard Layout,05/03/2018,https://help.yapicentral.com/hc/en-us/articles/360001211967
360001204468_en-us,Reset your POP account password,05/02/2018,https://help.yapicentral.com/hc/en-us/articles/360001204468
360001205767_en-us,Version 1.4.171 - Known Issues,05/02/2018,https://help.yapicentral.com/hc/en-us/articles/360001205767
360001205747_en-us,Version 1.4.299 - Known Issues,05/02/2018,https://help.yapicentral.com/hc/en-us/articles/360001205747
360001187288_en-us,How Secure is my Patient’s Health Information on the Practice Online Portal?,04/30/2018,https://help.yapicentral.com/hc/en-us/articles/360001187288
360001180047_en-us,Log In and Out of the Practice Online Portal,04/30/2018,https://help.yapicentral.com/hc/en-us/articles/360001180047
360001182867_en-us,Practice Online Portal Features,04/30/2018,https://help.yapicentral.com/hc/en-us/articles/360001182867
360001182988_en-us,What Are The Requirements For Setting Up My Practice Online Portal?,04/30/2018,https://help.yapicentral.com/hc/en-us/articles/360001182988
360001179827_en-us,What is the Practice Online Portal URL?,04/30/2018,https://help.yapicentral.com/hc/en-us/articles/360001179827
360001183128_en-us,What YAPI Version Is My Practice On?,04/30/2018,https://help.yapicentral.com/hc/en-us/articles/360001183128
360001164607_en-us,Changing Patient Status in Dentrix,04/27/2018,https://help.yapicentral.com/hc/en-us/articles/360001164607
360001158408_en-us,Form Fields Visual Guide,04/26/2018,https://help.yapicentral.com/hc/en-us/articles/360001158408
360001156787_en-us,How To Preview Your Form on an iPad,04/26/2018,https://help.yapicentral.com/hc/en-us/articles/360001156787
360001160948_en-us,Where is the Form Builder?,04/26/2018,https://help.yapicentral.com/hc/en-us/articles/360001160948
360001147788_en-us,Installing CallerIDBox for Analog Phone Assistant Configuration,04/25/2018,https://help.yapicentral.com/hc/en-us/articles/360001147788
360001149648_en-us,SOP: Cancellation Requests,04/25/2018,https://help.yapicentral.com/hc/en-us/articles/360001149648
360001137887_en-us,Caller ID Box Order Form Link,04/24/2018,https://help.yapicentral.com/hc/en-us/articles/360001137887
360001135908_en-us,Form Field > Appointment Reminder Preferences,04/24/2018,https://help.yapicentral.com/hc/en-us/articles/360001135908
360001136187_en-us,Form Field > Data Row,04/24/2018,https://help.yapicentral.com/hc/en-us/articles/360001136187
360001137087_en-us,Form Field > Images,04/24/2018,https://help.yapicentral.com/hc/en-us/articles/360001137087
360001135748_en-us,Form Field > Separator,04/24/2018,https://help.yapicentral.com/hc/en-us/articles/360001135748
360001064187_en-us,Error [23000][Sybase]... No primary key value for foreign key,04/18/2018,https://help.yapicentral.com/hc/en-us/articles/360001064187
360001069948_en-us,Using Special Characters with YAPI,04/18/2018,https://help.yapicentral.com/hc/en-us/articles/360001069948
360001052688_en-us,Installing a USB Modem for Analog Phone Assistant Integration,04/17/2018,https://help.yapicentral.com/hc/en-us/articles/360001052688
360001022227_en-us,Zendesk Custom Fields Instantiantion Bug,04/13/2018,https://help.yapicentral.com/hc/en-us/articles/360001022227
360001008188_en-us,What are Forms?,04/11/2018,https://help.yapicentral.com/hc/en-us/articles/360001008188
360000997887_en-us,What is the Form Builder?,04/11/2018,https://help.yapicentral.com/hc/en-us/articles/360000997887
360000995608_en-us,Antivirus Quarantines YAPI Executables,04/10/2018,https://help.yapicentral.com/hc/en-us/articles/360000995608
360000985447_en-us,License Update Procedure,04/10/2018,https://help.yapicentral.com/hc/en-us/articles/360000985447
360000997628_en-us,YAPI Cheat Sheet,04/10/2018,https://help.yapicentral.com/hc/en-us/articles/360000997628
360000958288_en-us,A Markdown Here Test,04/05/2018,https://help.yapicentral.com/hc/en-us/articles/360000958288
360000962788_en-us,Using Enhanced Email Templates,04/05/2018,https://help.yapicentral.com/hc/en-us/articles/360000962788
360000939027_en-us,Activating the YAPI Practice Online Portal,04/04/2018,https://help.yapicentral.com/hc/en-us/articles/360000939027
360000916188_en-us,Article Style Guide,04/02/2018,https://help.yapicentral.com/hc/en-us/articles/360000916188
360000905188_en-us,Merge Tags,03/30/2018,https://help.yapicentral.com/hc/en-us/articles/360000905188
360000869547_en-us,Preparing in Advance with Treatment Plans and Consents,03/28/2018,https://help.yapicentral.com/hc/en-us/articles/360000869547
360000880808_en-us,YAPI Service System Requirements,03/28/2018,https://help.yapicentral.com/hc/en-us/articles/360000880808
360000881148_en-us,YAPI Workstation System Requirements,03/28/2018,https://help.yapicentral.com/hc/en-us/articles/360000881148
360000845467_en-us,"Apple Watch, Smart Watch Setup Guide",03/26/2018,https://help.yapicentral.com/hc/en-us/articles/360000845467
360000846427_en-us,Configuring Fast Import for Open Dental,03/26/2018,https://help.yapicentral.com/hc/en-us/articles/360000846427
360000850467_en-us,Installing YAPI on iPads,03/26/2018,https://help.yapicentral.com/hc/en-us/articles/360000850467
360000850527_en-us,Recommended iPad Settings,03/26/2018,https://help.yapicentral.com/hc/en-us/articles/360000850527
360000852608_en-us,Upgrading Your Account Billing to ChargeBee,03/26/2018,https://help.yapicentral.com/hc/en-us/articles/360000852608
360000697887_en-us,Pandoc DOCX2HTML test 0001,03/13/2018,https://help.yapicentral.com/hc/en-us/articles/360000697887
360000633147_en-us,New Patient Confirmation Requests Include all New Patients for the Same Day,03/06/2018,https://help.yapicentral.com/hc/en-us/articles/360000633147
360000575908_en-us,YAPI Word Style Guide v 1.0 Test HTML,02/28/2018,https://help.yapicentral.com/hc/en-us/articles/360000575908
360000396947_en-us,Acknowledgement of Receipt of Notice of Privacy Practices,02/16/2018,https://help.yapicentral.com/hc/en-us/articles/360000396947
360000395627_en-us,Approval for Placement,02/16/2018,https://help.yapicentral.com/hc/en-us/articles/360000395627
360000402128_en-us,Dental History- Adult,02/16/2018,https://help.yapicentral.com/hc/en-us/articles/360000402128
360000402648_en-us,Dental History- Child,02/16/2018,https://help.yapicentral.com/hc/en-us/articles/360000402648
360000402968_en-us,Dental History- Child (Short),02/16/2018,https://help.yapicentral.com/hc/en-us/articles/360000402968
360000395687_en-us,Dental Materials Fact Sheet Acknowledgment,02/16/2018,https://help.yapicentral.com/hc/en-us/articles/360000395687
360000398387_en-us,Informed Consent Discussion for Dental Implant Placement,02/16/2018,https://help.yapicentral.com/hc/en-us/articles/360000398387
360000403348_en-us,Informed Consent for Anesthesia and Sedation,02/16/2018,https://help.yapicentral.com/hc/en-us/articles/360000403348
360000398427_en-us,Informed Consent for Apicoectomy,02/16/2018,https://help.yapicentral.com/hc/en-us/articles/360000398427
360000403268_en-us,Informed Consent for Bone Graft/Transplant Surgery,02/16/2018,https://help.yapicentral.com/hc/en-us/articles/360000403268
360000403288_en-us,Informed Consent for Crown Lengthening Procedure,02/16/2018,https://help.yapicentral.com/hc/en-us/articles/360000403288
360000398607_en-us,"Informed Consent for Crowns, Onlays, Bridges and Veneers",02/16/2018,https://help.yapicentral.com/hc/en-us/articles/360000398607
360000398627_en-us,Informed Consent for Extractions,02/16/2018,https://help.yapicentral.com/hc/en-us/articles/360000398627
360000403388_en-us,Informed Consent for Orthodontic Treatment,02/16/2018,https://help.yapicentral.com/hc/en-us/articles/360000403388
360000403408_en-us,Informed Consent for Root Canal Treatment,02/16/2018,https://help.yapicentral.com/hc/en-us/articles/360000403408
360000398687_en-us,Informed Consent for Sinus Graft or Augmentation Surgery,02/16/2018,https://help.yapicentral.com/hc/en-us/articles/360000398687
360000403488_en-us,Informed Consent for Surgical Periodontal Treatment,02/16/2018,https://help.yapicentral.com/hc/en-us/articles/360000403488
360000398767_en-us,Informed Consent for Teeth Whitening,02/16/2018,https://help.yapicentral.com/hc/en-us/articles/360000398767
360000400748_en-us,Informed Consent to Perform Dentistry,02/16/2018,https://help.yapicentral.com/hc/en-us/articles/360000400748
360000403648_en-us,Informed Consent to Perform Dentistry,02/16/2018,https://help.yapicentral.com/hc/en-us/articles/360000403648
360000398927_en-us,Insurance Information,02/16/2018,https://help.yapicentral.com/hc/en-us/articles/360000398927
360000395547_en-us,iPad Forms List,02/16/2018,https://help.yapicentral.com/hc/en-us/articles/360000395547
360000397127_en-us,Refusal to Consent to Treatment,02/16/2018,https://help.yapicentral.com/hc/en-us/articles/360000397127
360000309027_en-us,Configuring Alexa Integration,02/09/2018,https://help.yapicentral.com/hc/en-us/articles/360000309027
360000296967_en-us,test,02/08/2018,https://help.yapicentral.com/hc/en-us/articles/360000296967
360000287027_en-us,YAPI and Slack Integration Instructions,02/08/2018,https://help.yapicentral.com/hc/en-us/articles/360000287027
360000280527_en-us,"Fixing Error ""System.InvalidCastException: Unable to cast object of type ""Neva...""",02/07/2018,https://help.yapicentral.com/hc/en-us/articles/360000280527
360000245268_en-us,"Recommended List of Allergies, Medications, and Medical Problems",02/05/2018,https://help.yapicentral.com/hc/en-us/articles/360000245268
360000239807_en-us,SOP: Server Migration Process,02/05/2018,https://help.yapicentral.com/hc/en-us/articles/360000239807
360000199588_en-us,Error: System.IO.FileNotFoundException Microsoft.mshtml,01/31/2018,https://help.yapicentral.com/hc/en-us/articles/360000199588
360000184348_en-us,Contact Us,01/30/2018,https://help.yapicentral.com/hc/en-us/articles/360000184348
360000175487_en-us,Dentrix Error when confirming appointment -20142 Error in Stored Procedure/function Execution,01/30/2018,https://help.yapicentral.com/hc/en-us/articles/360000175487
360000184788_en-us,Dentrix Error when confirming appointment -20160 JSPT Feature not supported.,01/30/2018,https://help.yapicentral.com/hc/en-us/articles/360000184788
360000174967_en-us,Exception in StartBroadcastListener System.MissingMethodException: Method not found: 'Void Neva.Message.set_Group(System.String),01/30/2018,https://help.yapicentral.com/hc/en-us/articles/360000174967
360000174247_en-us,How to contact YAPI Support / Training,01/30/2018,https://help.yapicentral.com/hc/en-us/articles/360000174247
360000175647_en-us,How to Disable the Maximum 160 Character Limit in YAPI for Outgoing Text Messages,01/30/2018,https://help.yapicentral.com/hc/en-us/articles/360000175647
360000185628_en-us,LICENSE OVERRIDE,01/30/2018,https://help.yapicentral.com/hc/en-us/articles/360000185628
360000184048_en-us,Removing Leaked Processes from the Server,01/30/2018,https://help.yapicentral.com/hc/en-us/articles/360000184048
360000185828_en-us,Using Interest List With Mail Blast,01/30/2018,https://help.yapicentral.com/hc/en-us/articles/360000185828
360000173667_en-us,"Windows 10 Net 3.5 framework, cannot install 0x800F081F",01/30/2018,https://help.yapicentral.com/hc/en-us/articles/360000173667
360000167147_en-us,5 Ways to Wow Your Patients,01/29/2018,https://help.yapicentral.com/hc/en-us/articles/360000167147
360000166947_en-us,6 Ways to Connect With Your Inactive Patients,01/29/2018,https://help.yapicentral.com/hc/en-us/articles/360000166947
360000175468_en-us,7 Steps to a More Effective Patient Recall System,01/29/2018,https://help.yapicentral.com/hc/en-us/articles/360000175468
360000174428_en-us,Adding In Case of Emergency (ICE) Tags for OpenDental,01/29/2018,https://help.yapicentral.com/hc/en-us/articles/360000174428
360000166867_en-us,All Emails Sent via YAPI Utilize Opportunistic Encryption Using TLS,01/29/2018,https://help.yapicentral.com/hc/en-us/articles/360000166867
360000175748_en-us,Bad Reviews Are Good for Business,01/29/2018,https://help.yapicentral.com/hc/en-us/articles/360000175748
360000166927_en-us,Communicate With Your Patients Using Emojis,01/29/2018,https://help.yapicentral.com/hc/en-us/articles/360000166927
360000166147_en-us,Consent To Electronic Communications via Email Form,01/29/2018,https://help.yapicentral.com/hc/en-us/articles/360000166147
360000175848_en-us,Create a Great Day With Virtual Huddle,01/29/2018,https://help.yapicentral.com/hc/en-us/articles/360000175848
360000175728_en-us,Create the Perfect Reactivation Email,01/29/2018,https://help.yapicentral.com/hc/en-us/articles/360000175728
360000163827_en-us,DBinit Failed ODBC FairCom ctreeSQL Error -21025 CTDB,01/29/2018,https://help.yapicentral.com/hc/en-us/articles/360000163827
360000175128_en-us,Dental History (Adult),01/29/2018,https://help.yapicentral.com/hc/en-us/articles/360000175128
360000166407_en-us,Dental History (Child),01/29/2018,https://help.yapicentral.com/hc/en-us/articles/360000166407
360000174808_en-us,"[E990] Exception in GetPatients [PERVASIVE] [ODBC Engine Interface] A Key has reached a maximum limit for user count, session co",01/29/2018,https://help.yapicentral.com/hc/en-us/articles/360000174808
360000165987_en-us,Eaglesoft Converts a Single Quote in a Patient Name to a Back Quote,01/29/2018,https://help.yapicentral.com/hc/en-us/articles/360000165987
360000175868_en-us,Ebook 1: The Science of Appointment Control,01/29/2018,https://help.yapicentral.com/hc/en-us/articles/360000175868
360000167227_en-us,Ebook 2: The Dentist's Guide to Online Reviews,01/29/2018,https://help.yapicentral.com/hc/en-us/articles/360000167227
360000174328_en-us,Enabling Scrollable Popup for Medications,01/29/2018,https://help.yapicentral.com/hc/en-us/articles/360000174328
360000162467_en-us,Error 17941 CT,01/29/2018,https://help.yapicentral.com/hc/en-us/articles/360000162467
360000172588_en-us,Error: 21025 CTDB,01/29/2018,https://help.yapicentral.com/hc/en-us/articles/360000172588
360000175488_en-us,Fill Last Minute Schedule Openings with Just a Few Clicks,01/29/2018,https://help.yapicentral.com/hc/en-us/articles/360000175488
360000175268_en-us,How do you Tell if the Phone Line is Analog (POTS) or Digital?,01/29/2018,https://help.yapicentral.com/hc/en-us/articles/360000175268
360000175768_en-us,How to Get More Online Reviews With InstaReview™,01/29/2018,https://help.yapicentral.com/hc/en-us/articles/360000175768
360000175508_en-us,How to Handle Perpetual Appointment Breakers,01/29/2018,https://help.yapicentral.com/hc/en-us/articles/360000175508
360000166047_en-us,How to Setup CS Practice Works to Print Treatment Plans to YAPI Writer,01/29/2018,https://help.yapicentral.com/hc/en-us/articles/360000166047
360000174648_en-us,How to Setup Customizable Medical History in Eaglesoft v17+,01/29/2018,https://help.yapicentral.com/hc/en-us/articles/360000174648
360000166547_en-us,How to Turn Negative Feedback into a Positive for Your Dental Practice,01/29/2018,https://help.yapicentral.com/hc/en-us/articles/360000166547
360000166487_en-us,Insurance Information Form,01/29/2018,https://help.yapicentral.com/hc/en-us/articles/360000166487
360000175788_en-us,Know What People Are Saying About You Online,01/29/2018,https://help.yapicentral.com/hc/en-us/articles/360000175788
360000166987_en-us,Leave the Paperwork Out of the Waiting Room for an Amazing Patient Experience,01/29/2018,https://help.yapicentral.com/hc/en-us/articles/360000166987
360000175368_en-us,Make the Most of InstaReview With Advanced Settings,01/29/2018,https://help.yapicentral.com/hc/en-us/articles/360000175368
360000174968_en-us,Medical History Update Eaglesoft (Default Form from Eaglesoft),01/29/2018,https://help.yapicentral.com/hc/en-us/articles/360000174968
360000166187_en-us,MEDICAL HISTORY UPDATE OPEN DENTAL ADULT,01/29/2018,https://help.yapicentral.com/hc/en-us/articles/360000166187
360000166207_en-us,MEDICAL HISTORY UPDATE OPEN DENTAL CHILD,01/29/2018,https://help.yapicentral.com/hc/en-us/articles/360000166207
360000175008_en-us,Medical History Update PracticeWorks,01/29/2018,https://help.yapicentral.com/hc/en-us/articles/360000175008
360000174468_en-us,Multiple CommLog Entries for a Single Appoint Confimation,01/29/2018,https://help.yapicentral.com/hc/en-us/articles/360000174468
360000161927_en-us,Network Daemon Error : 20212,01/29/2018,https://help.yapicentral.com/hc/en-us/articles/360000161927
360000175288_en-us,New Feature Alert: Send Early Arrival Reminders to Your Patients,01/29/2018,https://help.yapicentral.com/hc/en-us/articles/360000175288
360000165427_en-us,New Patient Online Forms,01/29/2018,https://help.yapicentral.com/hc/en-us/articles/360000165427
360000166887_en-us,New YAPI Feature: Your Virtual Receptionist,01/29/2018,https://help.yapicentral.com/hc/en-us/articles/360000166887
360000175568_en-us,"New Year, New Benefits: How to Remind Patients That Their Benefits Have Renewed [Free Email Templates]",01/29/2018,https://help.yapicentral.com/hc/en-us/articles/360000175568
360000173108_en-us,"ODBC Writeback Errors 51701, -20160, -20142",01/29/2018,https://help.yapicentral.com/hc/en-us/articles/360000173108
360000174488_en-us,OpenDental doesn't show patient's picture taken by YAPI while YAPI shows the picture,01/29/2018,https://help.yapicentral.com/hc/en-us/articles/360000174488
360000165407_en-us,OpenDental Recall Setup & Information,01/29/2018,https://help.yapicentral.com/hc/en-us/articles/360000165407
360000174948_en-us,Patient Information Update Eaglesoft,01/29/2018,https://help.yapicentral.com/hc/en-us/articles/360000174948
360000166247_en-us,PATIENT INFORMATION UPDATE OPEN DENTAL ADULT,01/29/2018,https://help.yapicentral.com/hc/en-us/articles/360000166247
360000174908_en-us,PATIENT INFORMATION UPDATE OPEN DENTAL CHILD,01/29/2018,https://help.yapicentral.com/hc/en-us/articles/360000174908
360000175108_en-us,Patient Information Update PracticeWorks,01/29/2018,https://help.yapicentral.com/hc/en-us/articles/360000175108
360000165347_en-us,Prepare OpenDental for YAPI Integration,01/29/2018,https://help.yapicentral.com/hc/en-us/articles/360000165347
360000166567_en-us,Remind Patients to Use Their Benefits Before They Expire,01/29/2018,https://help.yapicentral.com/hc/en-us/articles/360000166567
360000175828_en-us,Say Goodbye to the Sign-In Sheet,01/29/2018,https://help.yapicentral.com/hc/en-us/articles/360000175828
360000175308_en-us,Send Spanish Appointment Reminders to Your Spanish-Speaking Patients,01/29/2018,https://help.yapicentral.com/hc/en-us/articles/360000175308
360000174668_en-us,Setting Up Recall in Eagelsoft v17,01/29/2018,https://help.yapicentral.com/hc/en-us/articles/360000174668
360000165847_en-us,Setup & Locate Security Administrator for Eaglesoft,01/29/2018,https://help.yapicentral.com/hc/en-us/articles/360000165847
360000174288_en-us,Setup Online Forms,01/29/2018,https://help.yapicentral.com/hc/en-us/articles/360000174288
360000175808_en-us,Streamline Office Flow With Custom Patient Alerts,01/29/2018,https://help.yapicentral.com/hc/en-us/articles/360000175808
360000167087_en-us,Turn One Phone Call into Multiple Appointments,01/29/2018,https://help.yapicentral.com/hc/en-us/articles/360000167087
360000165487_en-us,Using Medical History Update Form on iPad,01/29/2018,https://help.yapicentral.com/hc/en-us/articles/360000165487
360000165467_en-us,Using Patient Information Update Form on iPad,01/29/2018,https://help.yapicentral.com/hc/en-us/articles/360000165467
360000175448_en-us,Why You Should Stay Away from Images in Email,01/29/2018,https://help.yapicentral.com/hc/en-us/articles/360000175448
360000175588_en-us,YAPI Mobile 3.5 Beta is Available for the Download,01/29/2018,https://help.yapicentral.com/hc/en-us/articles/360000175588
360000167007_en-us,Your Checklist to Preventing Unconfirmed Patients,01/29/2018,https://help.yapicentral.com/hc/en-us/articles/360000167007
360000167167_en-us,Your Guide to the Recall Manager,01/29/2018,https://help.yapicentral.com/hc/en-us/articles/360000167167
360000140707_en-us,Creating a MailChimp Account,01/26/2018,https://help.yapicentral.com/hc/en-us/articles/360000140707
360000150648_en-us,Creating Interest Lists Using Dentrix Mail Merge Feature,01/26/2018,https://help.yapicentral.com/hc/en-us/articles/360000150648
360000151108_en-us,Dentrix Error 5: Elevate YAPI Rights,01/26/2018,https://help.yapicentral.com/hc/en-us/articles/360000151108
360000141947_en-us,"Dentrix G5 Throws ""-21025 CTDB - Internal Error""",01/26/2018,https://help.yapicentral.com/hc/en-us/articles/360000141947
360000142067_en-us,"Dentrix Team Viewer ""Error E28.3 Unable to update information. Error 3""",01/26/2018,https://help.yapicentral.com/hc/en-us/articles/360000142067
360000154428_en-us,Discrepancies Between Medications In PDF Form and The Database,01/26/2018,https://help.yapicentral.com/hc/en-us/articles/360000154428
360000142227_en-us,DTX Flash Upgrade Issue,01/26/2018,https://help.yapicentral.com/hc/en-us/articles/360000142227
360000140907_en-us,Getting Started With Campaigns,01/26/2018,https://help.yapicentral.com/hc/en-us/articles/360000140907
360000149888_en-us,Getting Started With Lists,01/26/2018,https://help.yapicentral.com/hc/en-us/articles/360000149888
360000141147_en-us,Getting Started With Mailchimp Integrations,01/26/2018,https://help.yapicentral.com/hc/en-us/articles/360000141147
360000150148_en-us,Getting Started With Segments,01/26/2018,https://help.yapicentral.com/hc/en-us/articles/360000150148
360000141607_en-us,Is YAPI Certified for Dentrix G5?,01/26/2018,https://help.yapicentral.com/hc/en-us/articles/360000141607
360000141527_en-us,Mailchimp How-to Videos.......,01/26/2018,https://help.yapicentral.com/hc/en-us/articles/360000141527
360000150788_en-us,Patients With Scheduled Appointments Receive Reminders To Schedule Appointment,01/26/2018,https://help.yapicentral.com/hc/en-us/articles/360000150788
360000150548_en-us,Scheduling Nightly Restarts,01/26/2018,https://help.yapicentral.com/hc/en-us/articles/360000150548
360000141467_en-us,Using A/B To Test Campaigns,01/26/2018,https://help.yapicentral.com/hc/en-us/articles/360000141467
360000154488_en-us,"YAPI Error E28.5 ""Unable to update patient information. Error 5""",01/26/2018,https://help.yapicentral.com/hc/en-us/articles/360000154488
360000114887_en-us,Configuring a Secure Email Provider,01/24/2018,https://help.yapicentral.com/hc/en-us/articles/360000114887
360000124448_en-us,Customizing an Email Template (pre-218 version),01/24/2018,https://help.yapicentral.com/hc/en-us/articles/360000124448
360000124488_en-us,Different Ways To Send Emails From YAPI,01/24/2018,https://help.yapicentral.com/hc/en-us/articles/360000124488
360000115407_en-us,Displaying Images in GMail,01/24/2018,https://help.yapicentral.com/hc/en-us/articles/360000115407
360000124548_en-us,Displaying Images in Outlook 2010 for Mac OS,01/24/2018,https://help.yapicentral.com/hc/en-us/articles/360000124548
360000116407_en-us,Getting Started With MailChimp,01/24/2018,https://help.yapicentral.com/hc/en-us/articles/360000116407
360000124748_en-us,Missing Images In Outlook 2010 & 2013,01/24/2018,https://help.yapicentral.com/hc/en-us/articles/360000124748
360000115787_en-us,Unable To Send Email From YAPI Dashboard,01/24/2018,https://help.yapicentral.com/hc/en-us/articles/360000115787
360000116567_en-us,Understanding the Fundamentals of Mailchimp,01/24/2018,https://help.yapicentral.com/hc/en-us/articles/360000116567
360000116107_en-us,Understanding the YAPI Email Problem Report,01/24/2018,https://help.yapicentral.com/hc/en-us/articles/360000116107
360000088948_en-us,Automated Appointment Reminder & Confirmation Best Practices,01/22/2018,https://help.yapicentral.com/hc/en-us/articles/360000088948
360000090208_en-us,CareCall Emails Stop Working,01/22/2018,https://help.yapicentral.com/hc/en-us/articles/360000090208
360000086167_en-us,Dashboard > Using Patient Alerts,01/22/2018,https://help.yapicentral.com/hc/en-us/articles/360000086167
360000082587_en-us,"Finding Google Place ID, CID, and LRD",01/22/2018,https://help.yapicentral.com/hc/en-us/articles/360000082587
360000088828_en-us,Finding Online Forms Link,01/22/2018,https://help.yapicentral.com/hc/en-us/articles/360000088828
360000089708_en-us,Finding Your Facebook Page ID,01/22/2018,https://help.yapicentral.com/hc/en-us/articles/360000089708
360000082667_en-us,Finding Your Healthgrades ID,01/22/2018,https://help.yapicentral.com/hc/en-us/articles/360000082667
360000089628_en-us,Finding Your Yelp Business ID,01/22/2018,https://help.yapicentral.com/hc/en-us/articles/360000089628
360000081227_en-us,Form Field > Referred By,01/22/2018,https://help.yapicentral.com/hc/en-us/articles/360000081227
360000081247_en-us,Form Field > Student Status,01/22/2018,https://help.yapicentral.com/hc/en-us/articles/360000081247
360000089388_en-us,InstaReview™,01/22/2018,https://help.yapicentral.com/hc/en-us/articles/360000089388
360000082767_en-us,Message Delivery Fails When Sophos Web Protection is Enabled,01/22/2018,https://help.yapicentral.com/hc/en-us/articles/360000082767
360000090288_en-us,Nanosite Not Appearing When Sending SMS,01/22/2018,https://help.yapicentral.com/hc/en-us/articles/360000090288
360000089808_en-us,What is Google Maps Search String,01/22/2018,https://help.yapicentral.com/hc/en-us/articles/360000089808
360000089268_en-us,Your Guide to Patient Recall Using Automation,01/22/2018,https://help.yapicentral.com/hc/en-us/articles/360000089268
360000052847_en-us,Adding Custom YAPI Sounds,01/19/2018,https://help.yapicentral.com/hc/en-us/articles/360000052847
360000056287_en-us,Attaching an Image to Patient Records,01/19/2018,https://help.yapicentral.com/hc/en-us/articles/360000056287
360000053007_en-us,Changing The Provider For a Patient,01/19/2018,https://help.yapicentral.com/hc/en-us/articles/360000053007
360000060108_en-us,Configuring Sonicwall Devices,01/19/2018,https://help.yapicentral.com/hc/en-us/articles/360000060108
360000065068_en-us,Creating an IPad Form With The Form Builder,01/19/2018,https://help.yapicentral.com/hc/en-us/articles/360000065068
360000053367_en-us,Disabling Touchscreen Gestures on iPad,01/19/2018,https://help.yapicentral.com/hc/en-us/articles/360000053367
360000065148_en-us,Editing A Document With the Document Builder,01/19/2018,https://help.yapicentral.com/hc/en-us/articles/360000065148
360000059168_en-us,Enabling Enhanced Privacy & Security For Mobile Devices,01/19/2018,https://help.yapicentral.com/hc/en-us/articles/360000059168
360000057948_en-us,Enabling Guided Access on iPad,01/19/2018,https://help.yapicentral.com/hc/en-us/articles/360000057948
360000058808_en-us,Finding The iPad Unique Device ID For Beta Registration,01/19/2018,https://help.yapicentral.com/hc/en-us/articles/360000058808
360000057568_en-us,Finding the YAPI Dashboard,01/19/2018,https://help.yapicentral.com/hc/en-us/articles/360000057568
360000053127_en-us,Fixing Document Viewer Error E077,01/19/2018,https://help.yapicentral.com/hc/en-us/articles/360000053127
360000053167_en-us,Fixing Sign Document Error E117,01/19/2018,https://help.yapicentral.com/hc/en-us/articles/360000053167
360000053227_en-us,Fixing Software Update Error E021,01/19/2018,https://help.yapicentral.com/hc/en-us/articles/360000053227
360000059508_en-us,"Fixing ""Unable to connect to YAPI service"" iPad Error",01/19/2018,https://help.yapicentral.com/hc/en-us/articles/360000059508
360000066268_en-us,Form Field > Acknowledgement Checkbox,01/19/2018,https://help.yapicentral.com/hc/en-us/articles/360000066268
360000065748_en-us,Form Field > Checkboxes,01/19/2018,https://help.yapicentral.com/hc/en-us/articles/360000065748
360000066108_en-us,Form Field > Filler,01/19/2018,https://help.yapicentral.com/hc/en-us/articles/360000066108
360000065448_en-us,Form Field > Headers,01/19/2018,https://help.yapicentral.com/hc/en-us/articles/360000065448
360000060767_en-us,Form Field > Labels,01/19/2018,https://help.yapicentral.com/hc/en-us/articles/360000060767
360000065768_en-us,Form Field > Lists,01/19/2018,https://help.yapicentral.com/hc/en-us/articles/360000065768
360000066228_en-us,Form Field > Medical Conditions,01/19/2018,https://help.yapicentral.com/hc/en-us/articles/360000066228
360000065628_en-us,Form Field > Multi-line Text,01/19/2018,https://help.yapicentral.com/hc/en-us/articles/360000065628
360000065948_en-us,Form Field > Page Break,01/19/2018,https://help.yapicentral.com/hc/en-us/articles/360000065948
360000066288_en-us,Form Field > Page Break Online,01/19/2018,https://help.yapicentral.com/hc/en-us/articles/360000066288
360000060947_en-us,Form Field > Paragraph,01/19/2018,https://help.yapicentral.com/hc/en-us/articles/360000060947
360000061087_en-us,Form Field > Patient Address,01/19/2018,https://help.yapicentral.com/hc/en-us/articles/360000061087
360000066048_en-us,"Form Field > Patient Birthdate, Weight, Age",01/19/2018,https://help.yapicentral.com/hc/en-us/articles/360000066048
360000061007_en-us,Form Field > Patient Name,01/19/2018,https://help.yapicentral.com/hc/en-us/articles/360000061007
360000065808_en-us,Form Field > Segmented,01/19/2018,https://help.yapicentral.com/hc/en-us/articles/360000065808
360000060887_en-us,Form Field > Signature,01/19/2018,https://help.yapicentral.com/hc/en-us/articles/360000060887
360000065548_en-us,Form Field > Single-line Text,01/19/2018,https://help.yapicentral.com/hc/en-us/articles/360000065548
360000066168_en-us,Form Field > Web Popup,01/19/2018,https://help.yapicentral.com/hc/en-us/articles/360000066168
360000065708_en-us,Form Field > Yes/No Questions,01/19/2018,https://help.yapicentral.com/hc/en-us/articles/360000065708
360000056627_en-us,Importing New Documents and Templates,01/19/2018,https://help.yapicentral.com/hc/en-us/articles/360000056627
360000059868_en-us,Improving Your Wireless Network Range,01/19/2018,https://help.yapicentral.com/hc/en-us/articles/360000059868
360000054347_en-us,Installing and Setting Up YAPI on an iPad,01/19/2018,https://help.yapicentral.com/hc/en-us/articles/360000054347
360000052767_en-us,"Intraoffice Messages: Screen Location, Color, Sound, Timer, Filter, Privacy, etc.",01/19/2018,https://help.yapicentral.com/hc/en-us/articles/360000052767
360000058708_en-us,Joining Testflight Beta for iOS App,01/19/2018,https://help.yapicentral.com/hc/en-us/articles/360000058708
360000058648_en-us,Mastering iPad Gestures,01/19/2018,https://help.yapicentral.com/hc/en-us/articles/360000058648
360000059187_en-us,Medical Conditions (Medical Alerts) were updated in Practice Management Software but iPad form still shows old alerts,01/19/2018,https://help.yapicentral.com/hc/en-us/articles/360000059187
360000055687_en-us,Minimizing iPad Wireless Problems,01/19/2018,https://help.yapicentral.com/hc/en-us/articles/360000055687
360000052907_en-us,Modifying Operatories or Areas,01/19/2018,https://help.yapicentral.com/hc/en-us/articles/360000052907
360000058687_en-us,"OMG! Error in YAPI: System.IO.FileNotFoundException: Could not load file or assembly ‘Microsoft.mshtml, Version=7.0.3300.0",01/19/2018,https://help.yapicentral.com/hc/en-us/articles/360000058687
360000054107_en-us,Preventing iPads From Using Unauthorized Wireless Networks,01/19/2018,https://help.yapicentral.com/hc/en-us/articles/360000054107
360000058668_en-us,Printing iPad Documents Using AirPrint,01/19/2018,https://help.yapicentral.com/hc/en-us/articles/360000058668
360000053287_en-us,Recommended iPad Settings,01/19/2018,https://help.yapicentral.com/hc/en-us/articles/360000053287
360000053247_en-us,Setting Option To Received Patient Communications on Workstations,01/19/2018,https://help.yapicentral.com/hc/en-us/articles/360000053247
360000056047_en-us,Unable to Locate YAPI Service: Configuring the YAPI Service IP Address,01/19/2018,https://help.yapicentral.com/hc/en-us/articles/360000056047
360000055827_en-us,Updating Software on iOS Devices,01/19/2018,https://help.yapicentral.com/hc/en-us/articles/360000055827
360000064588_en-us,Using Dynamic Document Packages,01/19/2018,https://help.yapicentral.com/hc/en-us/articles/360000064588
360000052807_en-us,Using Integrated PDF Support,01/19/2018,https://help.yapicentral.com/hc/en-us/articles/360000052807
360000050908_en-us,An Operation on a Socket Could not be Performed,01/18/2018,https://help.yapicentral.com/hc/en-us/articles/360000050908
360000043247_en-us,Appointment Reminders > Opt-Out Lists,01/18/2018,https://help.yapicentral.com/hc/en-us/articles/360000043247
360000048088_en-us,Appointment Reminders > Reminders & Confirmation,01/18/2018,https://help.yapicentral.com/hc/en-us/articles/360000048088
360000044267_en-us,Appointment Reminders & The Opt-Out List (video),01/18/2018,https://help.yapicentral.com/hc/en-us/articles/360000044267
360000051368_en-us,Changing From Public To Private Network in Windows 8.x,01/18/2018,https://help.yapicentral.com/hc/en-us/articles/360000051368
360000051608_en-us,Cloning The YAPI Service,01/18/2018,https://help.yapicentral.com/hc/en-us/articles/360000051608
360000047548_en-us,Collecting and Managing Feedback and Online reviews (video),01/18/2018,https://help.yapicentral.com/hc/en-us/articles/360000047548
360000046988_en-us,Communications & Messaging > Intra-Office Communication,01/18/2018,https://help.yapicentral.com/hc/en-us/articles/360000046988
360000047008_en-us,Communications & Messaging > Operatory Alerts,01/18/2018,https://help.yapicentral.com/hc/en-us/articles/360000047008
360000043407_en-us,Communications & Messaging > Quick Messages,01/18/2018,https://help.yapicentral.com/hc/en-us/articles/360000043407
360000046827_en-us,Configuring a Virtual Private Network for Mobile Users,01/18/2018,https://help.yapicentral.com/hc/en-us/articles/360000046827
360000041267_en-us,Daily Huddle > Using Daily Huddle on the iPad,01/18/2018,https://help.yapicentral.com/hc/en-us/articles/360000041267
360000041207_en-us,Daily Huddle > Using the Huddle Report,01/18/2018,https://help.yapicentral.com/hc/en-us/articles/360000041207
360000043828_en-us,Dashboard > Appointment Timers,01/18/2018,https://help.yapicentral.com/hc/en-us/articles/360000043828
360000040447_en-us,Dashboard > Digital Routing Slip,01/18/2018,https://help.yapicentral.com/hc/en-us/articles/360000040447
360000046588_en-us,Dashboard > How To Change Providers,01/18/2018,https://help.yapicentral.com/hc/en-us/articles/360000046588
360000040407_en-us,Dashboard > Patient Flow Management,01/18/2018,https://help.yapicentral.com/hc/en-us/articles/360000040407
360000043287_en-us,Dashboard > Retrieving Missing Documents,01/18/2018,https://help.yapicentral.com/hc/en-us/articles/360000043287
360000041167_en-us,Dashboard > Schedule YAPI Training in the Dashboard,01/18/2018,https://help.yapicentral.com/hc/en-us/articles/360000041167
360000040367_en-us,Dashboard > Understanding the Dashboard,01/18/2018,https://help.yapicentral.com/hc/en-us/articles/360000040367
360000043968_en-us,Dashboard > Using Dashboard to Fill Your Schedule,01/18/2018,https://help.yapicentral.com/hc/en-us/articles/360000043968
360000040707_en-us,Dashboard > Using the Dashboard on an iPad,01/18/2018,https://help.yapicentral.com/hc/en-us/articles/360000040707
360000040607_en-us,Dashboard > Using the Patient Finder,01/18/2018,https://help.yapicentral.com/hc/en-us/articles/360000040607
360000043728_en-us,Does the 2013 FCC TCPA Amendment Affect Automated Phone and Text Appointment Reminders?,01/18/2018,https://help.yapicentral.com/hc/en-us/articles/360000043728
360000046307_en-us,Finding The YAPI Service IP Address,01/18/2018,https://help.yapicentral.com/hc/en-us/articles/360000046307
360000042967_en-us,Forms > Setting Up Online Forms,01/18/2018,https://help.yapicentral.com/hc/en-us/articles/360000042967
360000044948_en-us,General > Finding YAPI,01/18/2018,https://help.yapicentral.com/hc/en-us/articles/360000044948
360000046348_en-us,General > Sharing YAPI Dashboard Layout,01/18/2018,https://help.yapicentral.com/hc/en-us/articles/360000046348
360000047628_en-us,InstaReview™ > An Introduction to InstaReview™,01/18/2018,https://help.yapicentral.com/hc/en-us/articles/360000047628
360000051668_en-us,Linking Office & YAPI Phone Numbers,01/18/2018,https://help.yapicentral.com/hc/en-us/articles/360000051668
360000047828_en-us,Marketing > The Mail Queue,01/18/2018,https://help.yapicentral.com/hc/en-us/articles/360000047828
360000043427_en-us,Other Ways To Communicate With YAPI (video),01/18/2018,https://help.yapicentral.com/hc/en-us/articles/360000043427
360000044528_en-us,Recall > Setting Up the Recall Manager,01/18/2018,https://help.yapicentral.com/hc/en-us/articles/360000044528
360000044808_en-us,Recall > Working With Recall Manager,01/18/2018,https://help.yapicentral.com/hc/en-us/articles/360000044808
360000047248_en-us,Reports > Daily Activity Reports,01/18/2018,https://help.yapicentral.com/hc/en-us/articles/360000047248
360000043487_en-us,Reports > Quick KPI Reports,01/18/2018,https://help.yapicentral.com/hc/en-us/articles/360000043487
360000051528_en-us,Restarting YAPI Services,01/18/2018,https://help.yapicentral.com/hc/en-us/articles/360000051528
360000050868_en-us,Selecting a Network Card on Computers With More Than One,01/18/2018,https://help.yapicentral.com/hc/en-us/articles/360000050868
360000052008_en-us,Setting Date & Time Format For Canada,01/18/2018,https://help.yapicentral.com/hc/en-us/articles/360000052008
360000043827_en-us,Setting Up Post Visit Survey & Review Requests (video),01/18/2018,https://help.yapicentral.com/hc/en-us/articles/360000043827
360000050628_en-us,"Troubleshooting Error E041 ""Unable To Locate Service""",01/18/2018,https://help.yapicentral.com/hc/en-us/articles/360000050628
360000046647_en-us,Troubleshooting Network Connectivity Problems,01/18/2018,https://help.yapicentral.com/hc/en-us/articles/360000046647
360000051488_en-us,Uploading Your Logo To YAPI,01/18/2018,https://help.yapicentral.com/hc/en-us/articles/360000051488
360000051728_en-us,Verifying a Mobile Phone Number,01/18/2018,https://help.yapicentral.com/hc/en-us/articles/360000051728
360000050328_en-us,Visual Traceroute,01/18/2018,https://help.yapicentral.com/hc/en-us/articles/360000050328
360000047687_en-us,YAPI Data Services May Produce False Positive in Norton Antivirus,01/18/2018,https://help.yapicentral.com/hc/en-us/articles/360000047687
360000048528_en-us,YAPI Network Port Configuration,01/18/2018,https://help.yapicentral.com/hc/en-us/articles/360000048528
360000051948_en-us,YAPIservice.exe May Cause False Positive In McAfee Antivirus,01/18/2018,https://help.yapicentral.com/hc/en-us/articles/360000051948
360000048027_en-us,"YAPI Startup Throws ""Configuration system failed to initialize"" Error",01/18/2018,https://help.yapicentral.com/hc/en-us/articles/360000048027
360000038088_en-us,Always Restart YAPI Service After PMS Update,01/17/2018,https://help.yapicentral.com/hc/en-us/articles/360000038088
360000035027_en-us,Installing YAPI Workstation,01/17/2018,https://help.yapicentral.com/hc/en-us/articles/360000035027
360000038068_en-us,Is YAPI G5 Certified/Connected?,01/17/2018,https://help.yapicentral.com/hc/en-us/articles/360000038068
360000037948_en-us,Scheduling Daily Service Shutdown & Startup,01/17/2018,https://help.yapicentral.com/hc/en-us/articles/360000037948
360000034907_en-us,Setting Up MailChimp Integration,01/17/2018,https://help.yapicentral.com/hc/en-us/articles/360000034907
360000034987_en-us,Setting up Recurring Documents,01/17/2018,https://help.yapicentral.com/hc/en-us/articles/360000034987
360000035167_en-us,YAPI Compatible Practice Management Systems,01/17/2018,https://help.yapicentral.com/hc/en-us/articles/360000035167
360000035247_en-us,YAPI Default Password,01/17/2018,https://help.yapicentral.com/hc/en-us/articles/360000035247
360000023008_en-us,Adding an Online Hosted Image to an Email Template,01/16/2018,https://help.yapicentral.com/hc/en-us/articles/360000023008
360000016908_en-us,Adding a Provider Color,01/16/2018,https://help.yapicentral.com/hc/en-us/articles/360000016908
360000020947_en-us,Adding a Signature to an iPad Form,01/16/2018,https://help.yapicentral.com/hc/en-us/articles/360000020947
360000016868_en-us,Adding Custom Patient Alerts,01/16/2018,https://help.yapicentral.com/hc/en-us/articles/360000016868
360000022768_en-us,Adding Forms to New Patient Packages,01/16/2018,https://help.yapicentral.com/hc/en-us/articles/360000022768
360000016848_en-us,Adding or Removing an Operatory,01/16/2018,https://help.yapicentral.com/hc/en-us/articles/360000016848
360000016708_en-us,Adding & Removing Documents from iPad Packages,01/16/2018,https://help.yapicentral.com/hc/en-us/articles/360000016708
360000015527_en-us,Categorizing iPad Forms,01/16/2018,https://help.yapicentral.com/hc/en-us/articles/360000015527
360000015607_en-us,Changing Length of Time Messages Remain on Screen,01/16/2018,https://help.yapicentral.com/hc/en-us/articles/360000015607
360000019408_en-us,Changing Medical Conditions,01/16/2018,https://help.yapicentral.com/hc/en-us/articles/360000019408
360000021207_en-us,Changing Referral Categories,01/16/2018,https://help.yapicentral.com/hc/en-us/articles/360000021207
360000019348_en-us,Changing Reminder Options To Not Send Reminder When Patient Has Future Appointment,01/16/2018,https://help.yapicentral.com/hc/en-us/articles/360000019348
360000018547_en-us,Changing the Amount of Messages a Workstation Receives,01/16/2018,https://help.yapicentral.com/hc/en-us/articles/360000018547
360000018267_en-us,Changing the Sound of an Alert,01/16/2018,https://help.yapicentral.com/hc/en-us/articles/360000018267
360000022608_en-us,Checking Patient Mobile Text Log in Patient Finder,01/16/2018,https://help.yapicentral.com/hc/en-us/articles/360000022608
360000021067_en-us,Creating Canned SMS Messages,01/16/2018,https://help.yapicentral.com/hc/en-us/articles/360000021067
360000016408_en-us,Customizing an Email Template,01/16/2018,https://help.yapicentral.com/hc/en-us/articles/360000016408
360000022928_en-us,Enabling Provider Alerts via SMS,01/16/2018,https://help.yapicentral.com/hc/en-us/articles/360000022928
360000018607_en-us,Have YAPI Open When Computer of Powered On,01/16/2018,https://help.yapicentral.com/hc/en-us/articles/360000018607
360000017048_en-us,Hiding a Patient's Protected Infomation,01/16/2018,https://help.yapicentral.com/hc/en-us/articles/360000017048
360000018367_en-us,"How to Check if Survey Reviews are going out, and how often",01/16/2018,https://help.yapicentral.com/hc/en-us/articles/360000018367
360000019648_en-us,How to Manually Send Out Reminders When They Haven't Gone Out For The Day,01/16/2018,https://help.yapicentral.com/hc/en-us/articles/360000019648
360000019628_en-us,Importing Contacts from VCF Files,01/16/2018,https://help.yapicentral.com/hc/en-us/articles/360000019628
360000018507_en-us,Locating The Workstation and Server IP Address,01/16/2018,https://help.yapicentral.com/hc/en-us/articles/360000018507
360000017867_en-us,Locating YAPI,01/16/2018,https://help.yapicentral.com/hc/en-us/articles/360000017867
360000016468_en-us,Making a new Email Template,01/16/2018,https://help.yapicentral.com/hc/en-us/articles/360000016468
360000021027_en-us,Marking a Patient Called in Recall,01/16/2018,https://help.yapicentral.com/hc/en-us/articles/360000021027
360000019708_en-us,Messaging Multiple Operatories,01/16/2018,https://help.yapicentral.com/hc/en-us/articles/360000019708
360000018207_en-us,Restarting YAPI Services from the Dashboard,01/16/2018,https://help.yapicentral.com/hc/en-us/articles/360000018207
360000018067_en-us,Setting Operatory to In Service,01/16/2018,https://help.yapicentral.com/hc/en-us/articles/360000018067
360000017308_en-us,Setting Patient Communications Options,01/16/2018,https://help.yapicentral.com/hc/en-us/articles/360000017308
360000020667_en-us,Taking a Photo For a Patient,01/16/2018,https://help.yapicentral.com/hc/en-us/articles/360000020667
360000020847_en-us,Taking a Photo of a Patient's Document,01/16/2018,https://help.yapicentral.com/hc/en-us/articles/360000020847
360000015407_en-us,Uploading Patient Reviews,01/16/2018,https://help.yapicentral.com/hc/en-us/articles/360000015407
360000016968_en-us,Viewing Dismissed Patient Routing Slips,01/16/2018,https://help.yapicentral.com/hc/en-us/articles/360000016968
360000020887_en-us,Viewing Patient Schedule from the iPad,01/16/2018,https://help.yapicentral.com/hc/en-us/articles/360000020887
360000017987_en-us,Viewing the SMS Message Log,01/16/2018,https://help.yapicentral.com/hc/en-us/articles/360000017987
360000016528_en-us,Where to Find the Review Feed,01/16/2018,https://help.yapicentral.com/hc/en-us/articles/360000016528
115016130048_en-us,Sending Documents to be made as an ipad form,01/12/2018,https://help.yapicentral.com/hc/en-us/articles/115016130048
115015936987_en-us,Installing YAPI on your iPad,01/03/2018,https://help.yapicentral.com/hc/en-us/articles/115015936987
115015908288_en-us,Configuring SonicWall Devices for YAPI,12/20/2017,https://help.yapicentral.com/hc/en-us/articles/115015908288
115015908228_en-us,YAPI Outgoing and Incoming Network Ports,12/20/2017,https://help.yapicentral.com/hc/en-us/articles/115015908228
115013356987_en-us,test,10/12/2017,https://help.yapicentral.com/hc/en-us/articles/115013356987
115012675507_en-us,Dentrix E28.1 - Unable to Import Data Forms,09/22/2017,https://help.yapicentral.com/hc/en-us/articles/115012675507
115012840068_en-us,"Green File or Folder, unable to read or open",09/22/2017,https://help.yapicentral.com/hc/en-us/articles/115012840068
115012592548_en-us,Can I Manually Send Mass or Bulk Text Messages to my Patients?,09/13/2017,https://help.yapicentral.com/hc/en-us/articles/115012592548
115012459828_en-us,add custom pt alerts,09/08/2017,https://help.yapicentral.com/hc/en-us/articles/115012459828
115012300667_en-us,adding or removing an op,09/08/2017,https://help.yapicentral.com/hc/en-us/articles/115012300667
115012300407_en-us,add/remove doc from ipad package,09/08/2017,https://help.yapicentral.com/hc/en-us/articles/115012300407
115012300367_en-us,categorizing ipad forms,09/08/2017,https://help.yapicentral.com/hc/en-us/articles/115012300367
115012301787_en-us,change alert sounds,09/08/2017,https://help.yapicentral.com/hc/en-us/articles/115012301787
115012460588_en-us,change med conditions in YAPI,09/08/2017,https://help.yapicentral.com/hc/en-us/articles/115012460588
115012459388_en-us,change message screen time,09/08/2017,https://help.yapicentral.com/hc/en-us/articles/115012459388
115012300207_en-us,Customize Email template,09/08/2017,https://help.yapicentral.com/hc/en-us/articles/115012300207
115012460068_en-us,hide pt's last name,09/08/2017,https://help.yapicentral.com/hc/en-us/articles/115012460068
115012300467_en-us,How can I Password Protect my Dashboard on the iPad?,09/08/2017,https://help.yapicentral.com/hc/en-us/articles/115012300467
115012301867_en-us,How do I dismiss a patient from YAPI?,09/08/2017,https://help.yapicentral.com/hc/en-us/articles/115012301867
115012300087_en-us,How do I Submit Forms to be Made in YAPI?,09/08/2017,https://help.yapicentral.com/hc/en-us/articles/115012300087
115012459848_en-us,How to set the Provider's Color in YAPI,09/08/2017,https://help.yapicentral.com/hc/en-us/articles/115012459848
115012300267_en-us,Making an email template,09/08/2017,https://help.yapicentral.com/hc/en-us/articles/115012300267
115012301847_en-us,pt survey frquency,09/08/2017,https://help.yapicentral.com/hc/en-us/articles/115012301847
115012301247_en-us,recall settings - do not send reminder if appointment exist,09/08/2017,https://help.yapicentral.com/hc/en-us/articles/115012301247
115012301207_en-us,remove pt from communication 2,09/08/2017,https://help.yapicentral.com/hc/en-us/articles/115012301207
115012301747_en-us,restarting YAPI from dashboard,09/08/2017,https://help.yapicentral.com/hc/en-us/articles/115012301747
115012460628_en-us,Setting Operatory To In Service/ When You Can't Move A Patient Into An Operatory,09/08/2017,https://help.yapicentral.com/hc/en-us/articles/115012460628
115012459348_en-us,set workstation to receive pt text,09/08/2017,https://help.yapicentral.com/hc/en-us/articles/115012459348
115012300287_en-us,upload pt surveys,09/08/2017,https://help.yapicentral.com/hc/en-us/articles/115012300287
115012300927_en-us,view pt routing slip,09/08/2017,https://help.yapicentral.com/hc/en-us/articles/115012300927
115012460128_en-us,view text log,09/08/2017,https://help.yapicentral.com/hc/en-us/articles/115012460128
115012278427_en-us,How can I find a missing iPad document that was previously filled out?,09/07/2017,https://help.yapicentral.com/hc/en-us/articles/115012278427
115012435688_en-us,How Do I Remove an In Office Patient from a Communication Option?,09/07/2017,https://help.yapicentral.com/hc/en-us/articles/115012435688
115012278167_en-us,How do I view iPad Forms?,09/07/2017,https://help.yapicentral.com/hc/en-us/articles/115012278167
115012392508_en-us,Can't find YAPI / Locate YAPI,09/06/2017,https://help.yapicentral.com/hc/en-us/articles/115012392508
115012392228_en-us,"Forms > Using an iPad in ""Family"" Mode for Forms",09/06/2017,https://help.yapicentral.com/hc/en-us/articles/115012392228
115012238867_en-us,Forms > Using an iPad to Sign a Treatment Plan,09/06/2017,https://help.yapicentral.com/hc/en-us/articles/115012238867
115012392188_en-us,Forms > Using an iPad to Sign Consent Forms,09/06/2017,https://help.yapicentral.com/hc/en-us/articles/115012392188
115012238947_en-us,Forms > Using an iPad to Sign New Patient Intake Forms,09/06/2017,https://help.yapicentral.com/hc/en-us/articles/115012238947
115012392248_en-us,Forms > Using Online Forms,09/06/2017,https://help.yapicentral.com/hc/en-us/articles/115012392248
115012245627_en-us,How do I Import New Forms to YAPI?,09/06/2017,https://help.yapicentral.com/hc/en-us/articles/115012245627
115012245607_en-us,How do I Make a Form Available for Signing?,09/06/2017,https://help.yapicentral.com/hc/en-us/articles/115012245607
115012386908_en-us,Saving your Dashboard Layout on your YAPI Workstation,09/06/2017,https://help.yapicentral.com/hc/en-us/articles/115012386908
115012233007_en-us,Sharing your Dashboard Layout to other workstations,09/06/2017,https://help.yapicentral.com/hc/en-us/articles/115012233007
115012232847_en-us,The Document Queue is Blue,09/06/2017,https://help.yapicentral.com/hc/en-us/articles/115012232847
115012392328_en-us,Update Billing Information / Update Credit Card for your YAPI subscription,09/06/2017,https://help.yapicentral.com/hc/en-us/articles/115012392328
115012238767_en-us,Update Credit Card on File,09/06/2017,https://help.yapicentral.com/hc/en-us/articles/115012238767
115012392148_en-us,Using An IPad To Sign A Treatment Plan,09/06/2017,https://help.yapicentral.com/hc/en-us/articles/115012392148
115012386828_en-us,"YAPI Opens, but I Can't Find or Locate YAPI",09/06/2017,https://help.yapicentral.com/hc/en-us/articles/115012386828
115012149447_en-us,Introduction to Patient Alerts,09/02/2017,https://help.yapicentral.com/hc/en-us/articles/115012149447
115012304908_en-us,Your Guide to Patient Alerts,09/02/2017,https://help.yapicentral.com/hc/en-us/articles/115012304908
115012250028_en-us,How does Patient Engagement work for me?,09/01/2017,https://help.yapicentral.com/hc/en-us/articles/115012250028
115012098387_en-us,"Is YAPI really ""True Paperless""?",09/01/2017,https://help.yapicentral.com/hc/en-us/articles/115012098387
115012098547_en-us,"Practice Dashboard, Everything you need to know about your patients",09/01/2017,https://help.yapicentral.com/hc/en-us/articles/115012098547
115012249828_en-us,What Plans and Features does YAPI Offer?,09/01/2017,https://help.yapicentral.com/hc/en-us/articles/115012249828
115012089847_en-us,How do I Enable Patient Text Message Alerts,08/31/2017,https://help.yapicentral.com/hc/en-us/articles/115012089847
115012089467_en-us,How do I upload/update my practice logo?,08/31/2017,https://help.yapicentral.com/hc/en-us/articles/115012089467
115012241788_en-us,Which Apple iPads does YAPI Support?,08/31/2017,https://help.yapicentral.com/hc/en-us/articles/115012241788
115012090547_en-us,Which Practice Management Software (PMS) does YAPI integrate to?,08/31/2017,https://help.yapicentral.com/hc/en-us/articles/115012090547
115012001427_en-us,123 4-5-6 &*( Errors __({123} E28.5 Error5,08/29/2017,https://help.yapicentral.com/hc/en-us/articles/115012001427
115012153388_en-us,How do I install YAPI Writer?,08/29/2017,https://help.yapicentral.com/hc/en-us/articles/115012153388
115012002207_en-us,How do I Send an Email Blast to my Patients?,08/29/2017,https://help.yapicentral.com/hc/en-us/articles/115012002207
115012153748_en-us,How do I test YAPI Writer?,08/29/2017,https://help.yapicentral.com/hc/en-us/articles/115012153748
115011978827_en-us,Installing YAPI on a New Computer,08/29/2017,https://help.yapicentral.com/hc/en-us/articles/115011978827
115012130408_en-us,July 2018 Windows Update - Schedule YAPI Service Reset in Task Scheduler,08/29/2017,https://help.yapicentral.com/hc/en-us/articles/115012130408
115012001087_en-us,Patient Engagement Introduction Video - Open Dental,08/29/2017,https://help.yapicentral.com/hc/en-us/articles/115012001087
115011979167_en-us,What is YAPI's default password?,08/29/2017,https://help.yapicentral.com/hc/en-us/articles/115011979167
115012001267_en-us,When does a ‘Save The Date’ email send to a patient?,08/29/2017,https://help.yapicentral.com/hc/en-us/articles/115012001267
115011939528_en-us,How do I Customize my Help Center?,08/22/2017,https://help.yapicentral.com/hc/en-us/articles/115011939528
115011939548_en-us,How do I Publish my Content in Other Languages?,08/22/2017,https://help.yapicentral.com/hc/en-us/articles/115011939548
115011939488_en-us,Welcome to Your Help Center!,08/22/2017,https://help.yapicentral.com/hc/en-us/articles/115011939488
115011939508_en-us,What are These Sections and Articles Doing Here?,08/22/2017,https://help.yapicentral.com/hc/en-us/articles/115011939508